var,var_value,good_cnt,bad_cnt,good_pct,bad_pct,woe,miv,iv,bad_rate,pct
score,"(-inf, 464.0]",313,366,0.09678416821273964,0.42707117852975496,1.4844672644004855,0.4903002546723147,1.336921826299354,0.5390279823269514,0.16597408946467856
score,"(464.0, 496.0]",294,152,0.09090909090909091,0.17736289381563594,0.668337875046867,0.057780350924280965,1.336921826299354,0.34080717488789236,0.10901979956000978
score,"(496.0, 523.0]",266,84,0.08225108225108226,0.09801633605600933,0.17535761160088684,0.002764557253513806,1.336921826299354,0.24,0.08555365436323638
score,"(523.0, 579.0]",572,133,0.17687074829931973,0.15519253208868145,-0.13075274161877173,0.0028344862029454567,1.336921826299354,0.18865248226950354,0.17232950378880468
score,"(579.0, 638.0]",517,72,0.1598639455782313,0.08401400233372229,-0.6433396339531015,0.04879727472228595,1.336921826299354,0.12224108658743633,0.1439745783427035
score,"(638.0, 715.0]",548,37,0.1694495980210266,0.043173862310385065,-1.3673202527645187,0.17265937086989996,1.336921826299354,0.06324786324786325,0.14299682229283794
score,"(715.0, inf]",724,13,0.22387136672850957,0.015169194865810968,-2.691804913384907,0.5617855316541134,1.336921826299354,0.017639077340569877,0.18015155218772916
